{
	"model": "UR10e",
	"dof": 6,
	"jointNames": [
		"shoulder_pan_joint",
		"shoulder_lift_joint",
		"elbow_joint",
		"wrist_1_joint",
		"wrist_2_joint",
		"wrist_3_joint"
	],
	"jointMinRadians": [
		-6.283185307179586,
		-6.283185307179586,
		-2.792526803190927,
		-6.283185307179586,
		-6.283185307179586,
		-6.283185307179586
	],
	"jointMaxRadians": [
		6.283185307179586,
		6.283185307179586,
		2.792526803190927,
		6.283185307179586,
		6.283185307179586,
		6.283185307179586
	],
	"jointMaxVelocityRadPerSec": [
		2.0943951023931953,
		2.0943951023931953,
		3.141592653589793,
		3.141592653589793,
		3.141592653589793,
		3.141592653589793
	],
	"jointMaxAccelerationRadPerSec2": [
		5.0,
		5.0,
		5.0,
		5.0,
		5.0,
		5.0
	],
	"initialStateRadians": [
		0.0,
		0.0,
		-1.5707963267948966,
		0.0,
		1.5707963267948966,
		0.0
	]
}


